Tissue Name,Gene Name,Centrality,Rank
Kidney,COL16A1,1.0,1
Kidney,SERPINF1,0.9968,2
Kidney,SVEP1,0.9841,3
Kidney,CYBRD1,0.9792,4
Kidney,SRPX2,0.975,5
Kidney,FMOD,0.9643,6
Kidney,BCL2L2,0.9595,7
Kidney,USP19,0.9552,8
Kidney,C1R,0.954,9
Kidney,COL8A1,0.9507,10
Kidney,PLCE1,0.9501,11
Kidney,USP5,0.9499,12
Kidney,RP11-274B21.9,0.9483,13
Kidney,PLOD3,0.948,14
Kidney,SMARCD3,0.9476,15
Kidney,PPP1R14A,0.9467,16
Kidney,NRIP2,0.9462,17
Kidney,SPON1,0.946,18
Kidney,SHKBP1,0.9449,19
Kidney,B4GAT1,0.9434,20
Kidney,SAMHD1,0.943,21
Kidney,IGF1R,0.9424,22
Kidney,FHL5,0.9417,23
Kidney,TMEM116,0.9414,24
Kidney,PALLD,0.9408,25
Kidney,MYO5B,0.9387,26
Kidney,UGT1A9,0.9384,27
Kidney,CMTM7,0.9383,28
Kidney,PCYOX1,0.9381,29
Kidney,ST6GALNAC3,0.9379,30
Kidney,LAMP2,0.9374,31
Kidney,MESDC2,0.9364,32
Kidney,HAT1,0.936,33
Kidney,TMEM223,0.9359,34
Kidney,GTF2H1,0.9353,35
Kidney,SYS1,0.9344,36
Kidney,TNS1,0.9339,37
Kidney,ZNF106,0.9337,38
Kidney,HUWE1,0.9335,39
Kidney,SLC3A1,0.9333,40
Kidney,GGT5,0.9332,41
Kidney,SPATA18,0.9331,42
Kidney,MIR100HG,0.9331,43
Kidney,CENPO,0.933,44
Kidney,CTSK,0.9328,45
Kidney,ATP6V0D1,0.9323,46
Kidney,ASXL1,0.9323,47
Kidney,PDLIM2,0.9318,48
Kidney,ADRA2A,0.9313,49
Kidney,GLB1,0.9312,50
Kidney,RBMS3,0.93,51
Kidney,RGS16,0.9299,52
Kidney,KIF7,0.9298,53
Kidney,CFAP97,0.9297,54
Kidney,SPIDR,0.9296,55
Kidney,LINC00839,0.929,56
Kidney,RBM3,0.9288,57
Kidney,RAB40A,0.9288,58
Kidney,ELL,0.928,59
Kidney,PES1,0.9277,60
Kidney,NDUFS3,0.9273,61
Kidney,ZNF550,0.9271,62
Kidney,TADA2B,0.9264,63
Kidney,MLLT6,0.9257,64
Kidney,SLC25A25-AS1,0.9255,65
Kidney,CDK13,0.9246,66
Kidney,VLDLR,0.9242,67
Kidney,LRRC2,0.924,68
Kidney,RP11-159D12.2,0.9238,69
Kidney,STAT5B,0.9236,70
Kidney,FH,0.9229,71
Kidney,NR6A1,0.9219,72
Kidney,USP2,0.9218,73
Kidney,NCDN,0.9216,74
Kidney,OGDH,0.9215,75
Kidney,RBM10,0.9207,76
Kidney,ATG16L2,0.9204,77
Kidney,PRDM11,0.9203,78
Kidney,ZDHHC8,0.9197,79
Kidney,RP11-182L21.6,0.9196,80
Kidney,GRB2,0.9196,81
Kidney,CRIP3,0.9195,82
Kidney,ADAP1,0.9194,83
Kidney,RP5-1112D6.7,0.9194,84
Kidney,VAMP5,0.9193,85
Kidney,PYCR2,0.9191,86
Kidney,LAPTM4A,0.9187,87
Kidney,NADK2,0.9184,88
Kidney,POU5F1,0.9182,89
Kidney,HSPA1A,0.9181,90
Kidney,XYLT2,0.918,91
Kidney,ASPSCR1,0.918,92
Kidney,DSTN,0.9178,93
Kidney,DDX54,0.9174,94
Kidney,CRTC3,0.9173,95
Kidney,ARHGEF26-AS1,0.9173,96
Kidney,ATP5F1,0.9172,97
Kidney,VILL,0.9172,98
Kidney,PSAP,0.9171,99
Kidney,RP9P,0.9169,100
Kidney,LMTK2,0.9167,101
Kidney,BRF1,0.9165,102
Kidney,PLA2G4A,0.9164,103
Kidney,RNF13,0.9163,104
Kidney,TXLNA,0.9162,105
Kidney,TIMM50,0.9153,106
Kidney,ASB1,0.9143,107
Kidney,MSRB3,0.9142,108
Kidney,FPGS,0.9141,109
Kidney,GM2A,0.9141,110
Kidney,SNX21,0.9135,111
Kidney,NANS,0.9129,112
Kidney,C1QL1,0.9129,113
Kidney,CPE,0.9126,114
Kidney,PPP5C,0.9126,115
Kidney,HTT,0.9123,116
Kidney,TARS2,0.9119,117
Kidney,GMDS,0.9118,118
Kidney,TUG1,0.9118,119
Kidney,MFAP1,0.9114,120
Kidney,ACVR2A,0.9111,121
Kidney,SEPT4,0.9107,122
Kidney,PTPRQ,0.9105,123
Kidney,RP11-324I22.4,0.9102,124
Kidney,FKBP10,0.9101,125
Kidney,RGP1,0.91,126
Kidney,NEURL1B,0.91,127
Kidney,BATF3,0.9098,128
Kidney,AFM,0.9094,129
Kidney,PTPRO,0.9093,130
Kidney,RAB8A,0.9092,131
Kidney,MKL2,0.9091,132
Kidney,MRVI1,0.9087,133
Kidney,RP11-67L2.2,0.9081,134
Kidney,MFSD5,0.9079,135
Kidney,SLC25A22,0.9077,136
Kidney,BAG6,0.9077,137
Kidney,PASK,0.9075,138
Kidney,FAM168B,0.9074,139
Kidney,RP11-64B16.2,0.9073,140
Kidney,YAF2,0.9065,141
Kidney,KIF23,0.9064,142
Kidney,RP11-1017G21.5,0.9059,143
Kidney,PKDCC,0.9059,144
Kidney,RP11-304L19.11,0.9054,145
Kidney,RFX1,0.9053,146
Kidney,RRAS,0.9052,147
Kidney,KPNA1,0.9048,148
Kidney,CCDC127,0.9046,149
Kidney,ST7,0.9045,150
Kidney,PCMT1,0.9044,151
Kidney,CTD-3064M3.7,0.9043,152
Kidney,TMEM102,0.9043,153
Kidney,TCIRG1,0.9043,154
Kidney,CPSF7,0.9041,155
Kidney,NID1,0.9041,156
Kidney,BBIP1,0.9038,157
Kidney,EGLN3,0.9038,158
Kidney,PLAGL1,0.9032,159
Kidney,UNC13D,0.903,160
Kidney,SRM,0.903,161
Kidney,TEAD4,0.9029,162
Kidney,SPTLC3,0.9028,163
Kidney,ATXN1,0.9025,164
Kidney,MPC1,0.9022,165
Kidney,GALK2,0.9021,166
Kidney,PARD3B,0.902,167
Kidney,PSMC3IP,0.9019,168
Kidney,SYPL1,0.9018,169
Kidney,ADAMTS3,0.9017,170
Kidney,TSNARE1,0.9014,171
Kidney,DPM2,0.9013,172
Kidney,PDPK1,0.9011,173
Kidney,DNAJC19,0.901,174
Kidney,PTEN,0.901,175
Kidney,RBM17,0.9009,176
Kidney,TSHZ2,0.9008,177
Kidney,FBXO4,0.9007,178
Kidney,PGS1,0.9004,179
Kidney,TRAPPC1,0.9003,180
Kidney,AKAP13,0.9002,181
Kidney,VDAC1,0.9001,182
Kidney,SOD3,0.8999,183
Kidney,VSIG8,0.8997,184
Kidney,TNFAIP2,0.8993,185
Kidney,HIVEP1,0.8992,186
Kidney,ADGRD1,0.8991,187
Kidney,WDR81,0.8991,188
Kidney,NET1,0.8991,189
Kidney,TAF7,0.899,190
Kidney,CDC7,0.8988,191
Kidney,FAM43B,0.8986,192
Kidney,UNC93B1,0.8984,193
Kidney,TBC1D2B,0.8984,194
Kidney,RPS6KB1,0.8982,195
Kidney,GAN,0.898,196
Kidney,ABCF2,0.898,197
Kidney,FKBP8,0.8977,198
Kidney,PET100,0.8974,199
Kidney,SETD2,0.8974,200
Kidney,FAF2,0.8973,201
Kidney,HSPA1B,0.8971,202
Kidney,PAICS,0.8971,203
Kidney,TYRO3,0.897,204
Kidney,SEPT7P2,0.8969,205
Kidney,ADGRE2,0.8965,206
Kidney,CCDC92,0.8964,207
Kidney,CTD-2553L13.9,0.8963,208
Kidney,RNF20,0.8962,209
Kidney,CXorf23,0.896,210
Kidney,CTD-2528L19.6,0.8958,211
Kidney,PARP9,0.8957,212
Kidney,EPDR1,0.8956,213
Kidney,HPF1,0.8956,214
Kidney,SNRPB,0.8953,215
Kidney,GANC,0.8953,216
Kidney,FAM89A,0.8952,217
Kidney,GATA6-AS1,0.8952,218
Kidney,EXOSC10,0.895,219
Kidney,RP11-734K21.5,0.895,220
Kidney,ODF2L,0.895,221
Kidney,GRWD1,0.8948,222
Kidney,NAALADL1,0.8947,223
Kidney,PPIAP29,0.8947,224
Kidney,CHRM3-AS2,0.8945,225
Kidney,DRAM2,0.8944,226
Kidney,DPP4,0.8944,227
Kidney,SPCS1,0.8942,228
Kidney,WDR12,0.8941,229
Kidney,SMG1,0.894,230
Kidney,RP11-324O2.3,0.8938,231
Kidney,CENPBD1P1,0.8938,232
Kidney,SLTM,0.8937,233
Kidney,CYP4X1,0.8932,234
Kidney,ATP6V1G1,0.893,235
Kidney,RP11-23D24.2,0.893,236
Kidney,PLXNB2,0.8929,237
Kidney,EID1,0.8929,238
Kidney,APCDD1,0.8928,239
Kidney,CDC34,0.8925,240
Kidney,PLN,0.8925,241
Kidney,RNF128,0.8924,242
Kidney,TECPR1,0.892,243
Kidney,TBCB,0.892,244
Kidney,MXRA8,0.8919,245
Kidney,TRAFD1,0.8919,246
Kidney,EPB41L5,0.8919,247
Kidney,TUBA4A,0.8917,248
Kidney,NDUFC2,0.8917,249
Kidney,MFSD9,0.8916,250
Kidney,PDZRN4,0.8915,251
Kidney,SIAE,0.8914,252
Kidney,TNK1,0.8914,253
Kidney,XYLT1,0.8913,254
Kidney,VAMP2,0.8913,255
Kidney,NDST1,0.8912,256
Kidney,GTF3C3,0.8911,257
Kidney,LAMC1,0.891,258
Kidney,RP11-283I3.2,0.8908,259
Kidney,MCM6,0.8907,260
Kidney,DOLK,0.8907,261
Kidney,PCDHGB6,0.8906,262
Kidney,MYCBP2,0.8905,263
Kidney,ELOF1,0.8904,264
Kidney,THAP5,0.8903,265
Kidney,TMEM209,0.89,266
Kidney,KCNH3,0.8897,267
Kidney,HCG11,0.8895,268
Kidney,MON2,0.8895,269
Kidney,PLEKHB1,0.8893,270
Kidney,CTD-2027I19.2,0.8893,271
Kidney,SERPING1,0.8891,272
Kidney,ENO4,0.889,273
Kidney,ZNF324B,0.889,274
Kidney,STARD3,0.8889,275
Kidney,FAM212A,0.8887,276
Kidney,CDH6,0.8887,277
Kidney,NISCH,0.8886,278
Kidney,CTD-3035K23.7,0.8885,279
Kidney,CUL1,0.8882,280
Kidney,TMEM55B,0.8882,281
Kidney,ARGLU1,0.8882,282
Kidney,NR2C2,0.888,283
Kidney,PTDSS1,0.8879,284
Kidney,BLOC1S2,0.8879,285
Kidney,DNAJC5,0.8878,286
Kidney,BCR,0.8878,287
Kidney,AP4B1,0.8878,288
Kidney,RP11-631N16.2,0.8877,289
Kidney,RP11-415F23.4,0.8877,290
Kidney,LACE1,0.8877,291
Kidney,S100A10,0.8875,292
Kidney,RP11-181G12.2,0.8873,293
Kidney,DBH,0.8873,294
Kidney,PSMC4,0.8872,295
Kidney,CNTNAP3P2,0.8872,296
Kidney,MICAL2,0.887,297
Kidney,SLC6A6,0.8869,298
Kidney,CCDC12,0.8869,299
Kidney,SCG5,0.8868,300
Kidney,FLYWCH2,0.8867,301
Kidney,SFMBT2,0.8867,302
Kidney,PSMC2,0.8866,303
Kidney,TCEA2,0.8866,304
Kidney,SPG20-AS1,0.8865,305
Kidney,TSGA10,0.8864,306
Kidney,ITPKC,0.8864,307
Kidney,BET1,0.8863,308
Kidney,TNFRSF21,0.8862,309
Kidney,TRNP1,0.8861,310
Kidney,UGT3A2,0.886,311
Kidney,GSK3A,0.886,312
Kidney,LARP1B,0.886,313
Kidney,ANO8,0.8858,314
Kidney,RAB3D,0.8858,315
Kidney,NRCAM,0.8858,316
Kidney,SHPK,0.8858,317
Kidney,SYT1,0.8856,318
Kidney,C10orf54,0.8855,319
Kidney,FAIM2,0.8853,320
Kidney,FAM134A,0.8851,321
Kidney,PRIM2,0.8851,322
Kidney,ARPP19,0.885,323
Kidney,PTPN2,0.885,324
Kidney,MYDGF,0.8849,325
Kidney,RP11-355O1.11,0.8848,326
Kidney,RAB13,0.8848,327
Kidney,CCDC59,0.8848,328
Kidney,MFNG,0.8847,329
Kidney,GNA12,0.8847,330
Kidney,CD7,0.8846,331
Kidney,STK35,0.8846,332
Kidney,LARP1,0.8845,333
Kidney,MTMR4,0.8844,334
Kidney,ZNF576,0.8843,335
Kidney,OSBP,0.8842,336
Kidney,RAB22A,0.8842,337
Kidney,TRIM28,0.8841,338
Kidney,SAP18,0.8841,339
Kidney,CTNNBIP1,0.884,340
Kidney,PHF14,0.8839,341
Kidney,RASSF8,0.8839,342
Kidney,COL4A3BP,0.8837,343
Kidney,FAM101A,0.8836,344
Kidney,RP11-254A24.2,0.8836,345
Kidney,SIGMAR1,0.8835,346
Kidney,GOT1,0.8835,347
Kidney,FADS2,0.8835,348
Kidney,CIC,0.8833,349
Kidney,GFPT2,0.8832,350
Kidney,ALDH5A1,0.8832,351
Kidney,FGFR2,0.883,352
Kidney,RPS6KL1,0.883,353
Kidney,FMO1,0.883,354
Kidney,RRP1,0.8829,355
Kidney,SEPT1,0.8829,356
Kidney,TASP1,0.8828,357
Kidney,RAB36,0.8827,358
Kidney,UBA5,0.8827,359
Kidney,TMEM35B,0.8826,360
Kidney,EGLN1,0.8824,361
Kidney,IFITM3,0.8824,362
Kidney,CEP95,0.8824,363
Kidney,TAF6L,0.8823,364
Kidney,ZMIZ2,0.8822,365
Kidney,NUP153,0.8822,366
Kidney,MKX,0.8822,367
Kidney,ALDH18A1,0.882,368
Kidney,RPN2,0.882,369
Kidney,KIAA1161,0.882,370
Kidney,TTC30A,0.8818,371
Kidney,CCAR2,0.8817,372
Kidney,CEP70,0.8817,373
Kidney,KIAA1755,0.8816,374
Kidney,SLC38A2,0.8815,375
Kidney,LGALS1,0.8814,376
Kidney,RALB,0.8813,377
Kidney,PPM1F,0.8812,378
Kidney,CCNC,0.8812,379
Kidney,PAK3,0.881,380
Kidney,RDH12,0.8809,381
Kidney,GIPC1,0.8809,382
Kidney,CNIH4,0.8809,383
Kidney,GTF2F1,0.8808,384
Kidney,CXorf57,0.8806,385
Kidney,CTD-2547G23.4,0.8805,386
Kidney,CCT7,0.8805,387
Kidney,POLG,0.8804,388
Kidney,MORC2,0.8804,389
Kidney,CHKA,0.8802,390
Kidney,THOP1,0.88,391
Kidney,ADAR,0.88,392
Kidney,MME,0.8798,393
Kidney,RP1-80N2.2,0.8798,394
Kidney,CYB5B,0.8798,395
Kidney,MMAA,0.8797,396
Kidney,LY6G5C,0.8796,397
Kidney,VNN1,0.8794,398
Kidney,AIDA,0.8793,399
Kidney,COPS2,0.8793,400
Kidney,ERGIC1,0.8793,401
Kidney,RP11-22B23.1,0.8792,402
Kidney,GPR137,0.8791,403
Kidney,FNBP4,0.879,404
Kidney,MAGI2,0.879,405
Kidney,RAB11FIP2,0.8789,406
Kidney,LY6G5B,0.8786,407
Kidney,NEK9,0.8786,408
Kidney,OLA1,0.8785,409
Kidney,ADRM1,0.8784,410
Kidney,MSL2,0.8782,411
Kidney,ARIH2,0.8781,412
Kidney,DRG2,0.8781,413
Kidney,NUP210,0.8781,414
Kidney,TBC1D9B,0.878,415
Kidney,IFITM2,0.878,416
Kidney,CSDE1,0.878,417
Kidney,GKAP1,0.8779,418
Kidney,CLSTN3,0.8778,419
Kidney,TCTEX1D1,0.8778,420
Kidney,MRPS22,0.8776,421
Kidney,IL10RB-AS1,0.8775,422
Kidney,CEBPB-AS1,0.8775,423
Kidney,RP11-713P17.4,0.8775,424
Kidney,SEC11C,0.8773,425
Kidney,GATS,0.8773,426
Kidney,PTPN14,0.8772,427
Kidney,NME4,0.8772,428
Kidney,BARX2,0.8772,429
Kidney,CTD-3185P2.1,0.8772,430
Kidney,FZD5,0.877,431
Kidney,PIEZO2,0.8769,432
Kidney,SMG8,0.8769,433
Kidney,THAP9-AS1,0.8768,434
Kidney,FAM151A,0.8765,435
Kidney,WBP11,0.8764,436
Kidney,TOLLIP,0.8763,437
Kidney,ZBTB24,0.8763,438
Kidney,CYP11A1,0.8763,439
Kidney,ERMN,0.8762,440
Kidney,DPP3,0.8761,441
Kidney,MYO1G,0.8761,442
Kidney,CTB-50L17.10,0.8761,443
Kidney,CSNK2A1,0.876,444
Kidney,LCOR,0.8758,445
Kidney,RHOA,0.8758,446
Kidney,AC114730.11,0.8758,447
Kidney,GRAMD1C,0.8755,448
Kidney,FAM46C,0.8755,449
Kidney,ANKMY2,0.8755,450
Kidney,PCNT,0.8754,451
Kidney,STX4,0.8754,452
Kidney,UBAP1,0.8753,453
Kidney,MSANTD2,0.8753,454
Kidney,KREMEN1,0.8752,455
Kidney,LRRC59,0.8752,456
Kidney,GSKIP,0.8751,457
Kidney,RRAGD,0.875,458
Kidney,TRAK2,0.875,459
Kidney,FKBP1B,0.8748,460
Kidney,PLIN3,0.8748,461
Kidney,AGPAT1,0.8747,462
Kidney,RHOD,0.8747,463
Kidney,PANK1,0.8747,464
Kidney,TAF1D,0.8746,465
Kidney,VPS13A,0.8745,466
Kidney,SIKE1,0.8745,467
Kidney,TMEM151A,0.8743,468
Kidney,IP6K1,0.8743,469
Kidney,YBX3,0.8743,470
Kidney,FAM172A,0.8743,471
Kidney,SNCAIP,0.8742,472
Kidney,MAGOH,0.8742,473
Kidney,CBX3,0.8742,474
Kidney,LENG8,0.8742,475
Kidney,CMTM4,0.874,476
Kidney,FAM126B,0.874,477
Kidney,NRGN,0.8739,478
Kidney,UGT2B11,0.8738,479
Kidney,HLA-DQB1,0.8738,480
Kidney,TMEM120B,0.8737,481
Kidney,MBNL2,0.8737,482
Kidney,PTER,0.8734,483
Kidney,RPGRIP1L,0.8734,484
Kidney,IKBKB,0.8734,485
Kidney,GLUD1,0.8733,486
Kidney,WSB2,0.8733,487
Kidney,PTGS2,0.8731,488
Kidney,CALM2,0.873,489
Kidney,MIR1244-2,0.873,490
Kidney,RP3-449O17.1,0.8729,491
Kidney,ROCK1P1,0.8729,492
Kidney,RP5-1085F17.3,0.8729,493
Kidney,RAG1,0.8729,494
Kidney,GPSM1,0.8728,495
Kidney,FPGT,0.8728,496
Kidney,PARP4,0.8727,497
Kidney,RNF4,0.8727,498
Kidney,ATF4,0.8726,499
Kidney,XRN2,0.8726,500
Kidney,SBF2-AS1,0.8725,501
Kidney,CUL4A,0.8724,502
Kidney,ANKRD36BP2,0.8719,503
Kidney,GATAD2A,0.8717,504
Kidney,ORC6,0.8715,505
Kidney,KSR2,0.8715,506
Kidney,DENR,0.8715,507
Kidney,HARS,0.8715,508
Kidney,RP11-807H17.1,0.8714,509
Kidney,DEPTOR,0.8714,510
Kidney,SRXN1,0.8713,511
Kidney,CALM3,0.8712,512
Kidney,POGLUT1,0.8712,513
Kidney,LUC7L,0.871,514
Kidney,UHRF1BP1L,0.8709,515
Kidney,ASNSD1,0.8709,516
Kidney,NOC2L,0.8708,517
Kidney,ZNF283,0.8706,518
Kidney,POLR3K,0.8705,519
Kidney,GLCE,0.8705,520
Kidney,RHOQ,0.8703,521
Kidney,ZNF600,0.8703,522
Kidney,PSMC1,0.8702,523
Kidney,KIF1BP,0.87,524
Kidney,ANKS6,0.87,525
Kidney,MOCS2,0.8698,526
Kidney,FCHSD1,0.8698,527
Kidney,RP11-304F15.3,0.8698,528
Kidney,CLIC1,0.8697,529
Kidney,PHB,0.8697,530
Kidney,SLC4A2,0.8697,531
Kidney,GNG7,0.8697,532
Kidney,DDX58,0.8696,533
Kidney,FADD,0.8694,534
Kidney,HCCS,0.8694,535
Kidney,RECQL5,0.8693,536
Kidney,NRIR,0.8693,537
Kidney,GRAMD1A,0.8693,538
Kidney,C17orf58,0.8692,539
Kidney,RRP15,0.8692,540
Kidney,OBFC1,0.8691,541
Kidney,CCL11,0.8689,542
Kidney,MTCH2,0.8688,543
Kidney,PGD,0.8687,544
Kidney,FAM107A,0.8686,545
Kidney,MMP25-AS1,0.8686,546
Kidney,BMT2,0.8686,547
Kidney,ACAD8,0.8686,548
Kidney,ALDH1A1,0.8684,549
Kidney,SPG20,0.8684,550
Kidney,DPP9,0.8683,551
Kidney,ANGPTL1,0.8682,552
Kidney,STX16,0.8681,553
Kidney,IQCD,0.868,554
Kidney,FAM21EP,0.868,555
Kidney,VSNL1,0.8679,556
Kidney,GNB5,0.8679,557
Kidney,ERP44,0.8678,558
Kidney,NUP58,0.8676,559
Kidney,RP11-506K6.4,0.8676,560
Kidney,TOM1L2,0.8676,561
Kidney,YTHDF2,0.8673,562
Kidney,EMC4,0.8672,563
Kidney,EVI5L,0.8672,564
Kidney,TMEM70,0.8671,565
Kidney,LIFR-AS1,0.8671,566
Kidney,FLII,0.8671,567
Kidney,SLC29A3,0.8671,568
Kidney,MFSD10,0.867,569
Kidney,ZNF585B,0.8668,570
Kidney,HDAC7,0.8667,571
Kidney,POT1,0.8667,572
Kidney,C17orf49,0.8667,573
Kidney,FLOT1,0.8667,574
Kidney,CLPTM1,0.8664,575
Kidney,RP3-329A5.8,0.8664,576
Kidney,RNF216,0.8664,577
Kidney,GOLGA3,0.8663,578
Kidney,S100A14,0.8663,579
Kidney,AF131217.1,0.8662,580
Kidney,RNF213,0.8662,581
Kidney,UGGT2,0.8662,582
Kidney,AFTPH,0.8661,583
Kidney,MED31,0.8661,584
Kidney,RP1-253P7.4,0.866,585
Kidney,GLYCTK-AS1,0.866,586
Kidney,SLC1A3,0.866,587
Kidney,ZBTB37,0.8659,588
Kidney,RARG,0.8659,589
Kidney,TBRG1,0.8658,590
Kidney,LRRC45,0.8658,591
Kidney,ANXA7,0.8658,592
Kidney,HOMER2,0.8658,593
Kidney,ZBTB26,0.8658,594
Kidney,PTH1R,0.8658,595
Kidney,RIOK2,0.8657,596
Kidney,IMMT,0.8657,597
Kidney,TCTN3,0.8655,598
Kidney,SLC2A6,0.8655,599
Kidney,WASL,0.8654,600
Kidney,CD163,0.8653,601
Kidney,FTO,0.8653,602
Kidney,CTC-425O23.2,0.8653,603
Kidney,DCAF17,0.8652,604
Kidney,DHX37,0.8652,605
Kidney,CTD-2349P21.12,0.8652,606
Kidney,RP11-20I20.1,0.8651,607
Kidney,RBM47,0.8651,608
Kidney,CIAO1,0.8649,609
Kidney,RP11-390K5.6,0.8649,610
Kidney,INTS4,0.8645,611
Kidney,ZDHHC18,0.8645,612
Kidney,SF3A2,0.8645,613
Kidney,PFN1,0.8645,614
Kidney,PPP2R3A,0.8644,615
Kidney,TSHR,0.8643,616
Kidney,WDR72,0.8643,617
Kidney,LSM7,0.8643,618
Kidney,ZNF285,0.8643,619
Kidney,ILK,0.8642,620
Kidney,LINC00852,0.8642,621
Kidney,LDLRAD3,0.864,622
Kidney,DPH1,0.8639,623
Kidney,ADPRHL1,0.8639,624
Kidney,KCNH8,0.8637,625
Kidney,ICE2,0.8637,626
Kidney,URB1,0.8636,627
Kidney,AUH,0.8634,628
Kidney,RSRP1,0.8634,629
Kidney,PLA2G15,0.8634,630
Kidney,DKC1,0.8633,631
Kidney,KCNQ1OT1,0.8633,632
Kidney,RBL2,0.8633,633
Kidney,ERMAP,0.8631,634
Kidney,IL7,0.8631,635
Kidney,LINC01578,0.863,636
Kidney,TULP3,0.863,637
Kidney,LGALS8,0.8629,638
Kidney,FOXS1,0.8629,639
Kidney,RP11-131L12.3,0.8629,640
Kidney,CTD-2017D11.1,0.8629,641
Kidney,RANBP3,0.8629,642
Kidney,AP000280.66,0.8628,643
Kidney,TNK2,0.8623,644
Kidney,HSD17B4,0.8623,645
Kidney,PHTF2,0.8623,646
Kidney,TIAM1,0.8622,647
Kidney,ANKRD22,0.8621,648
Kidney,UBE2I,0.862,649
Kidney,TIPRL,0.862,650
Kidney,RP11-420A23.1,0.8619,651
Kidney,RP11-887P2.5,0.8618,652
Kidney,RP11-530N7.3,0.8617,653
Kidney,SPACA6,0.8616,654
Kidney,RP11-693N9.2,0.8614,655
Kidney,UBE2L6,0.8614,656
Kidney,DCAF13,0.8614,657
Kidney,SLC25A45,0.8613,658
Kidney,ARFGAP3,0.8612,659
Kidney,PGK1,0.8611,660
Kidney,SNAP25,0.8611,661
Kidney,ZNF195,0.861,662
Kidney,UQCRC1,0.861,663
Kidney,CPQ,0.8607,664
Kidney,KCTD3,0.8607,665
Kidney,ALG13,0.8606,666
Kidney,RP11-670E13.6,0.8605,667
Kidney,ZNF831,0.8604,668
Kidney,SAMD14,0.8604,669
Kidney,DNAJC15,0.8603,670
Kidney,RP11-308D16.2,0.8603,671
Kidney,TSEN34,0.8602,672
Kidney,RP11-355F16.1,0.8601,673
Kidney,HSPA14,0.86,674
Kidney,ARMC10,0.86,675
Kidney,TOPBP1,0.86,676
Kidney,RP11-689P11.2,0.8599,677
Kidney,HCG4P3,0.8599,678
Kidney,SPEG,0.8598,679
Kidney,RP11-517I3.2,0.8597,680
Kidney,STOX1,0.8597,681
Kidney,PBLD,0.8597,682
Kidney,RHBDF2,0.8596,683
Kidney,CDH24,0.8595,684
Kidney,FAM135B,0.8595,685
Kidney,TRAPPC5,0.8594,686
Kidney,CAPZB,0.8594,687
Kidney,NCAPH2,0.8593,688
Kidney,ANGPT2,0.859,689
Kidney,MBD6,0.859,690
Kidney,HN1L,0.8587,691
Kidney,ADGRG2,0.8587,692
Kidney,LYAR,0.8586,693
Kidney,FAM135A,0.8586,694
Kidney,EDRF1,0.8586,695
Kidney,VCAM1,0.8585,696
Kidney,C17orf80,0.8585,697
Kidney,HYDIN,0.8584,698
Kidney,EPRS,0.8584,699
Kidney,SLC41A2,0.8584,700
Kidney,MAEA,0.8583,701
Kidney,GABARAPL1,0.8583,702
Kidney,LOXL1-AS1,0.8583,703
Kidney,E2F3,0.8583,704
Kidney,GCNT3,0.8583,705
Kidney,SLC39A13,0.8583,706
Kidney,AC006042.6,0.858,707
Kidney,FAF1,0.858,708
Kidney,CAMKMT,0.858,709
Kidney,GHITM,0.858,710
Kidney,PIK3IP1,0.858,711
Kidney,RRN3P3,0.8576,712
Kidney,DNAJC27-AS1,0.8576,713
Kidney,AHI1,0.8576,714
Kidney,SDHA,0.8575,715
Kidney,PATZ1,0.8575,716
Kidney,NUDT6,0.8574,717
Kidney,LRRTM2,0.8574,718
Kidney,RANBP10,0.8573,719
Kidney,SULT1A1,0.8573,720
Kidney,TTLL12,0.8572,721
Kidney,ZNF207,0.8571,722
Kidney,TRAF3IP1,0.8571,723
Kidney,CAPG,0.8571,724
Kidney,SSTR1,0.857,725
Kidney,RP11-977G19.12,0.857,726
Kidney,FAM169B,0.8569,727
Kidney,SASS6,0.8569,728
Kidney,TYW1,0.8568,729
Kidney,CTC-343N3.1,0.8568,730
Kidney,LRRC20,0.8565,731
Kidney,C6orf132,0.8565,732
Kidney,GNG4,0.8563,733
Kidney,TRAPPC8,0.8563,734
Kidney,RP11-132F7.2,0.8563,735
Kidney,AP5S1,0.8563,736
Kidney,SEPHS2,0.8562,737
Kidney,CR2,0.8562,738
Kidney,BEX4,0.8561,739
Kidney,CWC15,0.8561,740
Kidney,RP11-68I3.4,0.8561,741
Kidney,STAB1,0.8561,742
Kidney,HECTD3,0.8559,743
Kidney,DLD,0.8559,744
Kidney,RP11-395I14.2,0.8558,745
Kidney,BTNL8,0.8557,746
Kidney,TMX4,0.8556,747
Kidney,PRG4,0.8554,748
Kidney,AUNIP,0.8554,749
Kidney,SUGT1,0.8554,750
Kidney,IFT81,0.8554,751
Kidney,ZNRD1ASP,0.8552,752
Kidney,SLC15A4,0.8551,753
Kidney,ABI2,0.8551,754
Kidney,DDX1,0.8551,755
Kidney,AMIGO1,0.855,756
Kidney,ARMC1,0.855,757
Kidney,OGFOD1,0.855,758
Kidney,FABP5,0.8549,759
Kidney,GSPT1,0.8549,760
Kidney,RP11-758H9.2,0.8549,761
Kidney,VBP1,0.8549,762
Kidney,TUBB4B,0.8548,763
Kidney,CCDC69,0.8548,764
Kidney,ZDHHC1,0.8548,765
Kidney,CHP2,0.8547,766
Kidney,KRBA1,0.8547,767
Kidney,YWHAE,0.8547,768
Kidney,TMEM178A,0.8547,769
Kidney,ZNF551,0.8546,770
Kidney,MYPOP,0.8545,771
Kidney,CDC42SE2,0.8545,772
Kidney,RP11-448G15.3,0.8545,773
Kidney,DDX23,0.8545,774
Kidney,APOD,0.8544,775
Kidney,PLSCR4,0.8544,776
Kidney,AC064875.2,0.8544,777
Kidney,MID1IP1,0.8543,778
Kidney,PARD3,0.8543,779
Kidney,PMF1,0.8542,780
Kidney,SUMF2,0.8542,781
Kidney,RP13-104F24.1,0.8542,782
Kidney,SMURF1,0.8541,783
Kidney,FCMR,0.854,784
Kidney,RP1-278E11.3,0.854,785
Kidney,IRS1,0.854,786
Kidney,NUP98,0.8539,787
Kidney,MARCH1,0.8539,788
Kidney,MATN4,0.8539,789
Kidney,GPAA1P2,0.8538,790
Kidney,ROBO2,0.8538,791
Kidney,EIF2S1,0.8538,792
Kidney,RP1-178F15.4,0.8538,793
Kidney,NNT-AS1,0.8537,794
Kidney,TPD52,0.8535,795
Kidney,ZSCAN29,0.8534,796
Kidney,YPEL4,0.8534,797
Kidney,TRMT2B,0.8534,798
Kidney,ACHE,0.8534,799
Kidney,COG3,0.8533,800
Kidney,ITGB4,0.8533,801
Kidney,DPAGT1,0.8532,802
Kidney,CBR4,0.8531,803
Kidney,CNBD2,0.8531,804
Kidney,RP3-337H4.9,0.853,805
Kidney,EVI2B,0.853,806
Kidney,GFRA3,0.8529,807
Kidney,SP110,0.8528,808
Kidney,FBXO45,0.8527,809
Kidney,ABI1,0.8525,810
Kidney,ZNF142,0.8524,811
Kidney,KIAA1147,0.8524,812
Kidney,FGB,0.8523,813
Kidney,GRB10,0.8521,814
Kidney,GPR143,0.852,815
Kidney,PEX13,0.8519,816
Kidney,ZNF663P,0.8519,817
Kidney,FHIT,0.8519,818
Kidney,AP3M1,0.8519,819
Kidney,FAR2P2,0.8518,820
Kidney,NTHL1,0.8517,821
Kidney,DDX59,0.8517,822
Kidney,SMIM3,0.8517,823
Kidney,SGK3,0.8516,824
Kidney,RP11-203M5.8,0.8515,825
Kidney,ENTPD3,0.8515,826
Kidney,RP5-1159O4.2,0.8515,827
Kidney,TAGAP,0.8513,828
Kidney,TRIM11,0.8513,829
Kidney,KDM4C,0.8511,830
Kidney,PPP1R8,0.8511,831
Kidney,MBTD1,0.8511,832
Kidney,LIPE-AS1,0.8511,833
Kidney,APLF,0.8509,834
Kidney,CITED4,0.8509,835
Kidney,MIR4534,0.8506,836
Kidney,NUDT1,0.8505,837
Kidney,SETMAR,0.8505,838
Kidney,POLE,0.8505,839
Kidney,SNCG,0.8504,840
Kidney,FAM3D-AS1,0.8504,841
Kidney,CYBA,0.8503,842
Kidney,CHEK2,0.8503,843
Kidney,ZBED3,0.8502,844
Kidney,PTTG1IP,0.8502,845
Kidney,TRAF3,0.8501,846
Kidney,PRIM1,0.85,847
Kidney,LINC00863,0.85,848
Kidney,OSGIN2,0.85,849
Kidney,CTD-2162K18.4,0.85,850
Kidney,PPP1R11,0.8499,851
Kidney,PRMT3,0.8499,852
Kidney,CTGF,0.8497,853
Kidney,MTX3,0.8497,854
Kidney,AP3B1,0.8497,855
Kidney,RP11-522I20.3,0.8496,856
Kidney,UBE2E3,0.8496,857
Kidney,CTXN3,0.8495,858
Kidney,LYPLAL1,0.8494,859
Kidney,RP11-461A8.4,0.8493,860
Kidney,TSEN54,0.8492,861
Kidney,CTD-2600O9.2,0.8491,862
Kidney,JRKL,0.849,863
Kidney,EVC,0.849,864
Kidney,OSBPL5,0.8489,865
Kidney,BPNT1,0.8489,866
Kidney,PDXK,0.8489,867
Kidney,RP11-531F16.4,0.8488,868
Kidney,ZNF577,0.8488,869
Kidney,RP11-284F21.10,0.8486,870
Kidney,CYB5R1,0.8486,871
Kidney,HDAC4,0.8486,872
Kidney,LINC01132,0.8486,873
Kidney,NME5,0.8485,874
Kidney,DBF4,0.8484,875
Kidney,GPI,0.8483,876
Kidney,TNFRSF1A,0.8482,877
Kidney,TRAF5,0.8482,878
Kidney,GYS1,0.848,879
Kidney,YAP1,0.848,880
Kidney,BRCC3,0.848,881
Kidney,TXK,0.8479,882
Kidney,RP11-89H19.2,0.8479,883
Kidney,PABPN1,0.8478,884
Kidney,RPF2,0.8477,885
Kidney,AP4E1,0.8476,886
Kidney,EGFLAM,0.8476,887
Kidney,RP13-895J2.6,0.8476,888
Kidney,METTL8,0.8475,889
Kidney,TSPAN1,0.8475,890
Kidney,MIOX,0.8475,891
Kidney,C12orf29,0.8475,892
Kidney,ZC4H2,0.8473,893
Kidney,PI15,0.8473,894
Kidney,CTC-281F24.5,0.8472,895
Kidney,MB21D1,0.8472,896
Kidney,RIN3,0.8471,897
Kidney,MAP1LC3B2,0.8471,898
Kidney,HIPK3,0.847,899
Kidney,CXorf36,0.847,900
Kidney,FAM214A,0.847,901
Kidney,DCBLD1,0.8469,902
Kidney,SARS,0.8469,903
Kidney,RP11-1148L6.8,0.8469,904
Kidney,PPP2CB,0.8468,905
Kidney,ARHGAP32,0.8468,906
Kidney,CTD-2651B20.3,0.8468,907
Kidney,SRRM5,0.8468,908
Kidney,SEMA3B,0.8468,909
Kidney,SH3RF3,0.8467,910
Kidney,RPP25,0.8467,911
Kidney,RP11-505K9.4,0.8466,912
Kidney,PIPSL,0.8466,913
Kidney,CIT,0.8465,914
Kidney,DBR1,0.8465,915
Kidney,DHRS11,0.8464,916
Kidney,PTOV1-AS2,0.8463,917
Kidney,F7,0.8462,918
Kidney,RP11-25K19.1,0.846,919
Kidney,RP11-83A24.2,0.846,920
Kidney,SLC7A6OS,0.8459,921
Kidney,NT5C3A,0.8459,922
Kidney,RNF144B,0.8459,923
Kidney,RPL15P3,0.8458,924
Kidney,HMGB3,0.8456,925
Kidney,ESRP2,0.8456,926
Kidney,CASP10,0.8456,927
Kidney,AHCTF1,0.8456,928
Kidney,LYL1,0.8455,929
Kidney,RP11-736N17.8,0.8453,930
Kidney,ZFYVE27,0.8453,931
Kidney,DMKN,0.8453,932
Kidney,IPO5,0.8453,933
Kidney,SLC5A6,0.8453,934
Kidney,NDST2,0.8452,935
Kidney,RP11-35J10.6,0.845,936
Kidney,SLC33A1,0.8449,937
Kidney,PAIP1P1,0.8449,938
Kidney,BRINP1,0.8448,939
Kidney,HOGA1,0.8448,940
Kidney,ME1,0.8448,941
Kidney,USP14,0.8448,942
Kidney,IL20RA,0.8447,943
Kidney,RIOK3,0.8446,944
Kidney,CACYBP,0.8446,945
Kidney,MMACHC,0.8445,946
Kidney,LOXL3,0.8445,947
Kidney,NEK10,0.8444,948
Kidney,SNHG5,0.8444,949
Kidney,FOXJ3,0.8444,950
Kidney,POLR2B,0.8444,951
Kidney,RP11-372B4.3,0.8443,952
Kidney,RP11-174G6.5,0.8443,953
Kidney,SNW1,0.8442,954
Kidney,CDH4,0.844,955
Kidney,RNF167,0.844,956
Kidney,YOD1,0.8439,957
Kidney,TLCD1,0.8439,958
Kidney,NEO1,0.8439,959
Kidney,TMEM242,0.8438,960
Kidney,CORO1C,0.8438,961
Kidney,RPLP1P6,0.8437,962
Kidney,HOXB-AS3,0.8437,963
Kidney,LAMTOR3,0.8437,964
Kidney,YY1AP1,0.8437,965
Kidney,PFDN1,0.8435,966
Kidney,RP11-227G15.11,0.8434,967
Kidney,MAN1B1,0.8434,968
Kidney,STAG3L3,0.8434,969
Kidney,MYBBP1A,0.8433,970
Kidney,UHRF2,0.8432,971
Kidney,PSMD6,0.8431,972
Kidney,PPP1R3C,0.8431,973
Kidney,POLB,0.8431,974
Kidney,SKOR1,0.843,975
Kidney,MRPL50,0.843,976
Kidney,CCDC18-AS1,0.843,977
Kidney,KDELR3,0.8429,978
Kidney,ZNF316,0.8429,979
Kidney,ANK3,0.8428,980
Kidney,ZNF622,0.8427,981
Kidney,PHF11,0.8426,982
Kidney,RPL12P30,0.8426,983
Kidney,MTPAP,0.8425,984
Kidney,C20orf166-AS1,0.8424,985
Kidney,KB-1507C5.4,0.8423,986
Kidney,SVIL-AS1,0.8422,987
Kidney,TATDN3,0.8422,988
Kidney,SP2-AS1,0.8422,989
Kidney,RP11-396B14.2,0.8421,990
Kidney,ZNF766,0.8421,991
Kidney,INHBE,0.8421,992
Kidney,TRIM5,0.8421,993
Kidney,SOX5,0.842,994
Kidney,BCAR1,0.8419,995
Kidney,NAT8B,0.8418,996
Kidney,CAPRIN1,0.8416,997
Kidney,TRIB3,0.8416,998
Kidney,RP5-821D11.7,0.8416,999
Kidney,RP11-392O17.1,0.8414,1000
Kidney,CD79B,0.8413,1001
Kidney,CHMP7,0.8412,1002
Kidney,PTPMT1,0.8411,1003
Kidney,RBM26,0.8411,1004
Kidney,TDP1,0.841,1005
Kidney,BHLHE41,0.841,1006
Kidney,TLR3,0.8409,1007
Kidney,SHC3,0.8408,1008
Kidney,DHX33,0.8408,1009
Kidney,DTWD1,0.8407,1010
Kidney,RP11-730G20.2,0.8407,1011
Kidney,MRPL32,0.8406,1012
Kidney,TINF2,0.8406,1013
Kidney,RP3-395M20.12,0.8403,1014
Kidney,TCEA1,0.8403,1015
Kidney,SRSF12,0.8403,1016
Kidney,FAM69A,0.8402,1017
Kidney,IKZF5,0.8402,1018
Kidney,CHD3,0.8402,1019
Kidney,DGAT2,0.8401,1020
Kidney,ZNF541,0.8399,1021
Kidney,PEMT,0.8399,1022
Kidney,ZNF362,0.8399,1023
Kidney,PLD6,0.8398,1024
Kidney,PIAS1,0.8398,1025
Kidney,LINC00998,0.8397,1026
Kidney,SCAF8,0.8397,1027
Kidney,EFCAB5,0.8397,1028
Kidney,ZFP64,0.8396,1029
Kidney,KCNK15,0.8395,1030
Kidney,CTD-2562J17.6,0.8395,1031
Kidney,EIF4A2,0.8394,1032
Kidney,CIB2,0.8394,1033
Kidney,RP11-452L6.7,0.8394,1034
Kidney,MFSD4B,0.8393,1035
Kidney,NUP205,0.8393,1036
Kidney,TBL2,0.8391,1037
Kidney,KCNMB1,0.8391,1038
Kidney,HSD3B2,0.8391,1039
Kidney,ALOX12,0.8391,1040
Kidney,NOMO1,0.839,1041
Kidney,RASSF6,0.839,1042
Kidney,TYW5,0.839,1043
Kidney,ZC3H12D,0.8388,1044
Kidney,LRRC61,0.8388,1045
Kidney,CTC-455F18.1,0.8388,1046
Kidney,RP11-70L8.4,0.8388,1047
Kidney,WDR45B,0.8388,1048
Kidney,LINC01597,0.8387,1049
Kidney,PARD6G,0.8386,1050
Kidney,NOD1,0.8386,1051
Kidney,FBLN2,0.8382,1052
Kidney,OR51E1,0.8382,1053
Kidney,RP11-849H4.2,0.8381,1054
Kidney,DNAAF3,0.8381,1055
Kidney,AC104534.2,0.8381,1056
Kidney,C15orf57,0.8381,1057
Kidney,LARGE1,0.838,1058
Kidney,RNF114,0.838,1059
Kidney,RBP7,0.838,1060
Kidney,PDE3A,0.8379,1061
Kidney,TRIM32,0.8379,1062
Kidney,PHGDH,0.8378,1063
Kidney,CRBN,0.8378,1064
Kidney,BBS1,0.8377,1065
Kidney,ZNF449,0.8377,1066
Kidney,PGAP2,0.8377,1067
Kidney,CTD-2012K14.6,0.8376,1068
Kidney,SULT1A4,0.8376,1069
Kidney,FZD3,0.8376,1070
Kidney,ZC3H4,0.8376,1071
Kidney,LSM14A,0.8376,1072
Kidney,RP11-91J19.2,0.8375,1073
Kidney,RP11-139H15.6,0.8375,1074
Kidney,DHDDS,0.8374,1075
Kidney,ETV1,0.8373,1076
Kidney,NCOA5,0.8372,1077
Kidney,RP11-408H1.3,0.8372,1078
Kidney,VPS13D,0.8371,1079
Kidney,MAP7D3,0.8369,1080
Kidney,AC011330.5,0.8369,1081
Kidney,TMEM204,0.8367,1082
Kidney,MIRLET7BHG,0.8367,1083
Kidney,ADORA2A,0.8367,1084
Kidney,NBAS,0.8366,1085
Kidney,NEK3,0.8366,1086
Kidney,RPL39L,0.8366,1087
Kidney,EFCAB7,0.8366,1088
Kidney,PRR26,0.8365,1089
Kidney,LINC00624,0.8364,1090
Kidney,STAT2,0.8364,1091
Kidney,AFG3L1P,0.8364,1092
Kidney,KLRD1,0.8363,1093
Kidney,DEK,0.8363,1094
Kidney,PDE2A,0.836,1095
Kidney,KCNK1,0.836,1096
Kidney,C6,0.8358,1097
Kidney,LCK,0.8358,1098
Kidney,SYCP2L,0.8357,1099
Kidney,CRNDE,0.8356,1100
Kidney,SMG1P7,0.8355,1101
Kidney,LA16c-349E10.1,0.8355,1102
Kidney,PLEKHH3,0.8354,1103
Kidney,ZNF217,0.8353,1104
Kidney,DPH6-AS1,0.8353,1105
Kidney,ASCL2,0.8353,1106
Kidney,MBIP,0.8353,1107
Kidney,NPHP4,0.8352,1108
Kidney,RHNO1,0.835,1109
Kidney,UBE2O,0.835,1110
Kidney,C8orf46,0.835,1111
Kidney,GSTM5,0.8349,1112
Kidney,SETD6,0.8348,1113
Kidney,PCNP,0.8348,1114
Kidney,HLCS,0.8348,1115
Kidney,LACC1,0.8347,1116
Kidney,SOX6,0.8346,1117
Kidney,GOLGA4,0.8345,1118
Kidney,USF2,0.8345,1119
Kidney,CCDC138,0.8345,1120
Kidney,IL16,0.8345,1121
Kidney,RP11-173B14.4,0.8345,1122
Kidney,RP11-120K24.3,0.8343,1123
Kidney,NUCKS1,0.8343,1124
Kidney,APOBEC3G,0.8342,1125
Kidney,DTX3,0.8342,1126
Kidney,RP1-59D14.10,0.8341,1127
Kidney,B4GALNT4,0.8341,1128
Kidney,RP11-876N24.3,0.8341,1129
Kidney,NECAB2,0.834,1130
Kidney,WDR78,0.834,1131
Kidney,CDC42BPA,0.8339,1132
Kidney,CDCA3,0.8339,1133
Kidney,GLO1,0.8339,1134
Kidney,HK3,0.8339,1135
Kidney,MCMDC2,0.8339,1136
Kidney,GFOD1,0.8335,1137
Kidney,SLC24A3,0.8335,1138
Kidney,HNMT,0.8334,1139
Kidney,CRYZ,0.8333,1140
Kidney,BTBD7,0.8333,1141
Kidney,TBC1D8B,0.8332,1142
Kidney,SLC6A1,0.8331,1143
Kidney,FNBP1,0.8331,1144
Kidney,CEP152,0.833,1145
Kidney,PLEC,0.8328,1146
Kidney,AXIN1,0.8328,1147
Kidney,RANBP6,0.8328,1148
Kidney,BORCS5,0.8327,1149
Kidney,RP11-572P18.1,0.8327,1150
Kidney,CYB5D1,0.8327,1151
Kidney,FAM66C,0.8327,1152
Kidney,QSOX1,0.8327,1153
Kidney,SLC15A2,0.832,1154
Kidney,HERC5,0.832,1155
Kidney,MFN1,0.8319,1156
Kidney,KIAA1644,0.8319,1157
Kidney,C12orf60,0.8319,1158
Kidney,STIL,0.8319,1159
Kidney,ACOT12,0.8318,1160
Kidney,PINK1,0.8317,1161
Kidney,GLT1D1,0.8316,1162
Kidney,RP11-384K6.6,0.8316,1163
Kidney,MAP3K2,0.8316,1164
Kidney,CTB-31O20.4,0.8315,1165
Kidney,PROCA1,0.8314,1166
Kidney,ZNF525,0.8314,1167
Kidney,NDC80,0.8313,1168
Kidney,RPS7P1,0.8313,1169
Kidney,WDPCP,0.8313,1170
Kidney,MIR4458HG,0.8313,1171
Kidney,CEP57,0.8313,1172
Kidney,LINC00997,0.8312,1173
Kidney,CNTN3,0.8312,1174
Kidney,CGGBP1,0.8312,1175
Kidney,ANKRD13C,0.831,1176
Kidney,SRP9,0.831,1177
Kidney,HSF2,0.831,1178
Kidney,ITGA2B,0.8309,1179
Kidney,GREM1,0.8309,1180
Kidney,TFG,0.8308,1181
Kidney,MED29,0.8308,1182
Kidney,FKBP4,0.8307,1183
Kidney,TTLL4,0.8306,1184
Kidney,PPP1R3D,0.8306,1185
Kidney,SIGLEC9,0.8306,1186
Kidney,PDGFC,0.8305,1187
Kidney,SMO,0.8305,1188
Kidney,C1orf168,0.8304,1189
Kidney,UBB,0.8304,1190
Kidney,RP11-572M11.3,0.8304,1191
Kidney,DGUOK-AS1,0.8303,1192
Kidney,DHX35,0.8301,1193
Kidney,HOXA10-AS,0.8301,1194
Kidney,FAM8A1,0.8301,1195
Kidney,TDRD5,0.83,1196
Kidney,RP11-267M23.1,0.83,1197
Kidney,ZNF439,0.8299,1198
Kidney,LEMD2,0.8299,1199
Kidney,C6orf62,0.8299,1200
Kidney,RPS11P6,0.8298,1201
Kidney,ARSB,0.8298,1202
Kidney,AC004076.5,0.8298,1203
Kidney,MTRR,0.8298,1204
Kidney,AC005682.5,0.8297,1205
Kidney,TPT1P9,0.8297,1206
Kidney,ZNF559,0.8297,1207
Kidney,DUT,0.8296,1208
Kidney,WDR35,0.8295,1209
Kidney,FAM122A,0.8295,1210
Kidney,STRC,0.8295,1211
Kidney,IGKJ2,0.8294,1212
Kidney,CAP1,0.8294,1213
Kidney,CFTR,0.8293,1214
Kidney,OLFM2,0.8293,1215
Kidney,HP,0.8293,1216
Kidney,SLC38A6,0.8293,1217
Kidney,ATG4C,0.8292,1218
Kidney,DUBR,0.8292,1219
Kidney,CCDC184,0.8291,1220
Kidney,USP45,0.8291,1221
Kidney,C6orf136,0.829,1222
Kidney,SMG1P3,0.8288,1223
Kidney,IFT172,0.8288,1224
Kidney,DHFR2,0.8288,1225
Kidney,CTB-50L17.8,0.8286,1226
Kidney,TMEM64,0.8286,1227
Kidney,ATAD3B,0.8286,1228
Kidney,SNX10,0.8285,1229
Kidney,RP11-337N6.3,0.8284,1230
Kidney,ZNF276,0.8284,1231
Kidney,MDN1,0.8283,1232
Kidney,DNAJC24,0.8283,1233
Kidney,AC010525.4,0.8283,1234
Kidney,CHD2,0.8282,1235
Kidney,RP11-31H5.3,0.8282,1236
Kidney,AP000223.42,0.8282,1237
Kidney,MFSD2A,0.8281,1238
Kidney,LINC01532,0.8281,1239
Kidney,USPL1,0.828,1240
Kidney,PREP,0.8279,1241
Kidney,NRIP1,0.8279,1242
Kidney,VAT1,0.8279,1243
Kidney,CTB-31N19.3,0.8279,1244
Kidney,C1D,0.8279,1245
Kidney,SMARCAL1,0.8278,1246
Kidney,HSPB1P1,0.8278,1247
Kidney,IGIP,0.8278,1248
Kidney,RIPK1,0.8276,1249
Kidney,ZNF365,0.8275,1250
Kidney,ARV1,0.8274,1251
Kidney,FAM131C,0.8273,1252
Kidney,FLJ46284,0.8273,1253
Kidney,KLHL20,0.8273,1254
Kidney,CARS2,0.8272,1255
Kidney,ABHD5,0.8272,1256
Kidney,CTB-25B13.5,0.8272,1257
Kidney,UBQLN2,0.8272,1258
Kidney,CKLF,0.8272,1259
Kidney,MT3,0.8271,1260
Kidney,FAM47E,0.827,1261
Kidney,RP11-162A12.2,0.827,1262
Kidney,AC000403.4,0.8269,1263
Kidney,TSPOAP1,0.8269,1264
Kidney,CTD-2377O17.1,0.8269,1265
Kidney,CTD-2516F10.2,0.8268,1266
Kidney,AKTIP,0.8268,1267
Kidney,PAGR1,0.8268,1268
Kidney,VAT1L,0.8266,1269
Kidney,TECTA,0.8266,1270
Kidney,COL21A1,0.8266,1271
Kidney,ASMTL,0.8266,1272
Kidney,SERPINA6,0.8263,1273
Kidney,PAPPA,0.8263,1274
Kidney,TLR2,0.8262,1275
Kidney,APEX2,0.8262,1276
Kidney,SP140,0.8262,1277
Kidney,TMEM241,0.8261,1278
Kidney,RAD23B,0.8259,1279
Kidney,MCPH1,0.8258,1280
Kidney,FMO4,0.8258,1281
Kidney,MAML1,0.8258,1282
Kidney,EDEM2,0.8257,1283
Kidney,SLC6A20,0.8257,1284
Kidney,FEZ1,0.8256,1285
Kidney,SCFD1,0.8255,1286
Kidney,PLK4,0.8255,1287
Kidney,PRRG2,0.8252,1288
Kidney,LINC01315,0.8252,1289
Kidney,EVL,0.8252,1290
Kidney,FIZ1,0.8252,1291
Kidney,PKN3,0.8251,1292
Kidney,SUV39H2,0.8251,1293
Kidney,DTD2,0.825,1294
Kidney,PCLO,0.825,1295
Kidney,RAP1GDS1,0.825,1296
Kidney,RP11-1024P17.1,0.825,1297
Kidney,FRG1EP,0.8249,1298
Kidney,CYP4F11,0.8248,1299
Kidney,MIR210HG,0.8248,1300
Kidney,ZNF321P,0.8248,1301
Kidney,PUS10,0.8247,1302
Kidney,ADCY4,0.8247,1303
Kidney,GRIA3,0.8247,1304
Kidney,FGFR1OP,0.8246,1305
Kidney,ATP2A1,0.8245,1306
Kidney,IKZF4,0.8244,1307
Kidney,PDPK2P,0.8244,1308
Kidney,Z97634.3,0.8242,1309
Kidney,CNOT7,0.8242,1310
Kidney,RP11-1365D11.1,0.8241,1311
Kidney,HOXB4,0.8241,1312
Kidney,DYNC1LI1,0.8241,1313
Kidney,GAK,0.824,1314
Kidney,ANKRD18A,0.824,1315
Kidney,RP11-706O15.1,0.8238,1316
Kidney,POC1A,0.8238,1317
Kidney,KANK2,0.8236,1318
Kidney,VNN2,0.8235,1319
Kidney,RP11-365O16.6,0.8235,1320
Kidney,RP11-10A14.5,0.8235,1321
Kidney,PARG,0.8235,1322
Kidney,RRAGA,0.8235,1323
Kidney,LINC01057,0.8234,1324
Kidney,TLDC1,0.8234,1325
Kidney,RP11-147L13.8,0.8234,1326
Kidney,CHMP4C,0.8234,1327
Kidney,VPS72,0.8232,1328
Kidney,RP11-5P18.10,0.8231,1329
Kidney,RP11-401L13.4,0.8231,1330
Kidney,STAG3,0.8231,1331
Kidney,FLJ27354,0.8229,1332
Kidney,RP11-687F6.5,0.8228,1333
Kidney,RP11-627G23.1,0.8228,1334
Kidney,EEF1A1P11,0.8227,1335
Kidney,TBC1D1,0.8227,1336
Kidney,SIRT6,0.8226,1337
Kidney,NBPF19,0.8225,1338
Kidney,ZNF101,0.8224,1339
Kidney,ZNF230,0.8224,1340
Kidney,PRIMA1,0.8223,1341
Kidney,SLC25A12,0.8223,1342
Kidney,RP11-111M22.3,0.8222,1343
Kidney,CRCP,0.8222,1344
Kidney,ALDH7A1,0.8222,1345
Kidney,CWC25,0.8221,1346
Kidney,RNF220,0.8221,1347
Kidney,CHMP1B2P,0.822,1348
Kidney,RP3-388E23.2,0.822,1349
Kidney,CTNS,0.8219,1350
Kidney,TXNRD3,0.8219,1351
Kidney,SEPT11,0.8219,1352
Kidney,THCAT158,0.8219,1353
Kidney,WDR41,0.8219,1354
Kidney,GGN,0.8218,1355
Kidney,CTB-58E17.9,0.8215,1356
Kidney,CDCA8,0.8215,1357
Kidney,CCDC65,0.8213,1358
Kidney,PPP1R3G,0.8213,1359
Kidney,TEFM,0.8213,1360
Kidney,MADD,0.8212,1361
Kidney,AC004453.8,0.8211,1362
Kidney,FARS2,0.8211,1363
Kidney,EEF2K,0.821,1364
Kidney,LRRC37A4P,0.821,1365
Kidney,RP11-50D9.3,0.821,1366
Kidney,RP11-352D13.5,0.8209,1367
Kidney,PAPD4,0.8209,1368
Kidney,RP11-1055B8.1,0.8208,1369
Kidney,RP11-422P24.12,0.8208,1370
Kidney,ZNF41,0.8207,1371
Kidney,RP11-624M8.1,0.8206,1372
Kidney,RBL1,0.8206,1373
Kidney,PDE4A,0.8206,1374
Kidney,SLC50A1,0.8206,1375
Kidney,TCL6,0.8205,1376
Kidney,FAM210A,0.8204,1377
Kidney,GMNN,0.8204,1378
Kidney,SNHG25,0.8202,1379
Kidney,ZNF197,0.8201,1380
Kidney,ZNF20,0.8201,1381
Kidney,SPNS2,0.8201,1382
Kidney,RP11-927P21.5,0.82,1383
Kidney,NGRN,0.82,1384
Kidney,RP11-451G4.2,0.82,1385
Kidney,RAB11B,0.8199,1386
Kidney,BMS1P1,0.8198,1387
Kidney,CYP46A1,0.8198,1388
Kidney,HENMT1,0.8198,1389
Kidney,PEX3,0.8197,1390
Kidney,FAM86B3P,0.8197,1391
Kidney,TMEM206,0.8197,1392
Kidney,H2AFV,0.8197,1393
Kidney,CTC-542B22.2,0.8197,1394
Kidney,ROPN1L,0.8196,1395
Kidney,CCT3,0.8195,1396
Kidney,RP11-660L16.2,0.8193,1397
Kidney,C10orf82,0.8193,1398
Kidney,NR1I2,0.8193,1399
Kidney,FMN1,0.8193,1400
Kidney,GAR1,0.8193,1401
Kidney,SMIM10L1,0.8193,1402
Kidney,IRAK2,0.8192,1403
Kidney,RP3-508I15.21,0.8192,1404
Kidney,RP1-152L7.5,0.8191,1405
Kidney,DCAF10,0.8191,1406
Kidney,MYLK-AS1,0.819,1407
Kidney,RP11-832A4.7,0.819,1408
Kidney,PHC1P1,0.8189,1409
Kidney,RWDD4P2,0.8188,1410
Kidney,TMEM45A,0.8188,1411
Kidney,ZNF491,0.8188,1412
Kidney,SYCP2,0.8188,1413
Kidney,PITPNA-AS1,0.8188,1414
Kidney,FAM180A,0.8187,1415
Kidney,FAM177A1,0.8187,1416
Kidney,MCOLN1,0.8186,1417
Kidney,PEX2,0.8186,1418
Kidney,ZNF765,0.8186,1419
Kidney,RBM4B,0.8185,1420
Kidney,AC005076.5,0.8185,1421
Kidney,LRRC73,0.8184,1422
Kidney,ANKK1,0.8183,1423
Kidney,RP5-1120P11.1,0.8182,1424
Kidney,FMR1,0.8182,1425
Kidney,CTBS,0.8182,1426
Kidney,LINC01562,0.8181,1427
Kidney,CHST5,0.8181,1428
Kidney,ADRA2B,0.8181,1429
Kidney,TMPRSS13,0.818,1430
Kidney,TBC1D23,0.8179,1431
Kidney,ANKAR,0.8179,1432
Kidney,NIFK-AS1,0.8178,1433
Kidney,SCN4A,0.8178,1434
Kidney,RP4-647C14.2,0.8177,1435
Kidney,ZNF846,0.8177,1436
Kidney,CTC-559E9.6,0.8177,1437
Kidney,CTBP2P8,0.8176,1438
Kidney,RP11-1099M24.6,0.8175,1439
Kidney,ZNF487,0.8175,1440
Kidney,SS18,0.8174,1441
Kidney,CTB-131K11.1,0.8174,1442
Kidney,RMI1,0.8174,1443
Kidney,CTSD,0.8173,1444
Kidney,DEGS2,0.8173,1445
Kidney,FBXO48,0.8173,1446
Kidney,TIPARP-AS1,0.8173,1447
Kidney,RP5-907D15.4,0.8173,1448
Kidney,NUB1,0.8172,1449
Kidney,RP11-395L14.18,0.8172,1450
Kidney,ZNF202,0.8171,1451
Kidney,RPS3AP47,0.8171,1452
Kidney,CDH16,0.8171,1453
Kidney,ARHGEF39,0.817,1454
Kidney,LCMT2,0.8168,1455
Kidney,ALDOA,0.8168,1456
Kidney,ARHGAP8,0.8167,1457
Kidney,RP11-455F5.3,0.8166,1458
Kidney,C2CD5,0.8165,1459
Kidney,ZNF124,0.8165,1460
Kidney,LY9,0.8164,1461
Kidney,LRPPRC,0.8163,1462
Kidney,C12orf76,0.8162,1463
Kidney,EAF1,0.8162,1464
Kidney,SMIM13,0.816,1465
Kidney,RP11-131M11.3,0.8159,1466
Kidney,TMEM183A,0.8159,1467
Kidney,OR7E7P,0.8158,1468
Kidney,GTF2E1,0.8158,1469
Kidney,CCL28,0.8158,1470
Kidney,WEE2-AS1,0.8158,1471
Kidney,AMMECR1,0.8158,1472
Kidney,PCDHGA3,0.8156,1473
Kidney,DNAH2,0.8156,1474
Kidney,ZCCHC4,0.8156,1475
Kidney,RP11-403I13.8,0.8155,1476
Kidney,RP11-21K12.2,0.8154,1477
Kidney,HSD17B7P2,0.8154,1478
Kidney,SLED1,0.8154,1479
Kidney,RP11-297A16.4,0.8152,1480
Kidney,PMS2CL,0.8152,1481
Kidney,EFTUD2,0.8151,1482
Kidney,SHTN1,0.8149,1483
Kidney,EEF1A1P19,0.8148,1484
Kidney,DENND2D,0.8148,1485
Kidney,SHC4,0.8147,1486
Kidney,SPAG1,0.8146,1487
Kidney,RP11-573D15.9,0.8146,1488
Kidney,HOXD9,0.8146,1489
Kidney,AGFG1,0.8145,1490
Kidney,TEP1,0.8145,1491
Kidney,AACS,0.8143,1492
Kidney,RP11-154H23.3,0.8143,1493
Kidney,NBR2,0.8142,1494
Kidney,CFLAR-AS1,0.8142,1495
Kidney,RP11-314C16.1,0.8142,1496
Kidney,RNF180,0.8141,1497
Kidney,P2RY6,0.8139,1498
Kidney,KIAA1328,0.8139,1499
Kidney,CEACAM21,0.8139,1500
Kidney,CTD-3157E16.2,0.8139,1501
Kidney,GTSE1,0.8139,1502
Kidney,TMEM161B-AS1,0.8139,1503
Kidney,RFX7,0.8138,1504
Kidney,USP28,0.8137,1505
Kidney,MIR503HG,0.8137,1506
Kidney,CIRBP-AS1,0.8136,1507
Kidney,TACR2,0.8136,1508
Kidney,SLC2A4,0.8136,1509
Kidney,ENHO,0.8136,1510
Kidney,TREX2,0.8136,1511
Kidney,NSRP1,0.8134,1512
Kidney,KCND1,0.8134,1513
Kidney,ZSCAN22,0.8133,1514
Kidney,LINC00888,0.8132,1515
Kidney,GTF2H2B,0.8132,1516
Kidney,RP11-767N6.7,0.8131,1517
Kidney,PCDHGA1,0.813,1518
Kidney,GTSE1-AS1,0.8129,1519
Kidney,RP11-347C12.1,0.8128,1520
Kidney,ADRB2,0.8127,1521
Kidney,DUS3L,0.8127,1522
Kidney,EPHA10,0.8127,1523
Kidney,TCTEX1D2,0.8126,1524
Kidney,AC087163.2,0.8125,1525
Kidney,BANK1,0.8125,1526
Kidney,FAM92A1P1,0.8125,1527
Kidney,ABCB7,0.8123,1528
Kidney,NLRC4,0.8122,1529
Kidney,IL1RAP,0.8122,1530
Kidney,SCARA3,0.8122,1531
Kidney,SP1,0.8122,1532
Kidney,RPS27AP16,0.8121,1533
Kidney,RP11-416N2.4,0.8121,1534
Kidney,MAGEL2,0.8121,1535
Kidney,CTD-2008P7.9,0.812,1536
Kidney,SF3B1,0.8119,1537
Kidney,RP11-299J3.8,0.8119,1538
Kidney,NME7,0.8119,1539
Kidney,EIF1AX,0.8117,1540
Kidney,NUTM2A-AS1,0.8117,1541
Kidney,ZNF286A,0.8116,1542
Kidney,INVS,0.8116,1543
Kidney,LINC00205,0.8115,1544
Kidney,ADAP2,0.8115,1545
Kidney,BCL7C,0.8115,1546
Kidney,HIKESHI,0.8114,1547
Kidney,RPL34-AS1,0.8114,1548
Kidney,CH17-340M24.3,0.8113,1549
Kidney,USP18,0.8112,1550
Kidney,RP11-613M10.6,0.8112,1551
Kidney,RPS7P10,0.811,1552
Kidney,RP11-517B11.7,0.811,1553
Kidney,RP11-296O14.3,0.8109,1554
Kidney,UBE2D3,0.8109,1555
Kidney,NUDT15,0.8109,1556
Kidney,FBXO15,0.8108,1557
Kidney,ARMC9,0.8108,1558
Kidney,RAD18,0.8108,1559
Kidney,C19orf33,0.8107,1560
Kidney,FAN1,0.8107,1561
Kidney,PGP,0.8106,1562
Kidney,CAPN10-AS1,0.8106,1563
Kidney,RP5-864K19.4,0.8105,1564
Kidney,CIDECP,0.8105,1565
Kidney,PPEF1,0.8105,1566
Kidney,DCDC1,0.8104,1567
Kidney,TRO,0.8104,1568
Kidney,PIAS3,0.8103,1569
Kidney,SLC25A5-AS1,0.8103,1570
Kidney,SLC2A3P4,0.8102,1571
Kidney,TRIM6,0.8102,1572
Kidney,NFE2,0.81,1573
Kidney,IFI44,0.8099,1574
Kidney,HOXC6,0.8097,1575
Kidney,RP11-66N11.8,0.8096,1576
Kidney,RND2,0.8096,1577
Kidney,AAGAB,0.8094,1578
Kidney,SORBS2,0.8094,1579
Kidney,POR,0.8093,1580
Kidney,RP11-274H2.5,0.8092,1581
Kidney,RP11-770J1.3,0.8092,1582
Kidney,PPP1R1C,0.8092,1583
Kidney,CPAMD8,0.8092,1584
Kidney,LYRM2,0.8091,1585
Kidney,COQ10A,0.8091,1586
Kidney,TESMIN,0.809,1587
Kidney,PP14571,0.8089,1588
Kidney,HLA-DOB,0.8089,1589
Kidney,RP5-967N21.11,0.8088,1590
Kidney,POPDC2,0.8087,1591
Kidney,ZNF415,0.8087,1592
Kidney,TRAC,0.8086,1593
Kidney,AC010136.2,0.8086,1594
Kidney,NMRK2,0.8086,1595
Kidney,LIN54,0.8085,1596
Kidney,SYBU,0.8084,1597
Kidney,AC005013.5,0.8084,1598
Kidney,UBLCP1,0.8084,1599
Kidney,HOXD-AS2,0.8083,1600
Kidney,RP11-338N10.3,0.8083,1601
Kidney,PTPN9,0.8083,1602
Kidney,TUFM,0.8082,1603
Kidney,TSTD3,0.8081,1604
Kidney,THAP1,0.8081,1605
Kidney,BRWD1-AS2,0.808,1606
Kidney,CHI3L2,0.8079,1607
Kidney,CTD-2233K9.1,0.8079,1608
Kidney,RP11-705C15.3,0.8078,1609
Kidney,RP11-837J7.3,0.8078,1610
Kidney,SCOC-AS1,0.8076,1611
Kidney,LA16c-380H5.5,0.8076,1612
Kidney,PRMT2,0.8076,1613
Kidney,GAPDHP1,0.8075,1614
Kidney,MSANTD1,0.8073,1615
Kidney,SEZ6L2,0.8072,1616
Kidney,NUDT19,0.8069,1617
Kidney,EXOC4,0.8064,1618
Kidney,LIMS4,0.8063,1619
Kidney,LINC00106,0.8063,1620
Kidney,RP11-806O11.1,0.8062,1621
Kidney,RP11-186N15.3,0.8061,1622
Kidney,RP11-508N22.12,0.806,1623
Kidney,LINC00900,0.8059,1624
Kidney,TNKS,0.8059,1625
Kidney,SH3BP5-AS1,0.8058,1626
Kidney,PSPH,0.8058,1627
Kidney,FECH,0.8057,1628
Kidney,RP5-940J5.6,0.8056,1629
Kidney,RP11-314A20.1,0.8055,1630
Kidney,PLPPR2,0.8055,1631
Kidney,RP4-583P15.16,0.8054,1632
Kidney,H3F3AP4,0.8053,1633
Kidney,SMTNL1,0.8053,1634
Kidney,RP11-134K13.4,0.8053,1635
Kidney,RP11-425L10.1,0.8052,1636
Kidney,NCK1-AS1,0.8052,1637
Kidney,AC012146.7,0.8052,1638
Kidney,ZNF616,0.8052,1639
Kidney,CTD-2537I9.18,0.8051,1640
Kidney,BOD1,0.8049,1641
Kidney,UBIAD1,0.8048,1642
Kidney,ITFG2,0.8048,1643
Kidney,KCNJ3,0.8048,1644
Kidney,RP11-876N24.4,0.8048,1645
Kidney,ZNF3,0.8046,1646
Kidney,SSSCA1-AS1,0.8046,1647
Kidney,XXbac-B444P24.13,0.8046,1648
Kidney,RADIL,0.8046,1649
Kidney,XX-C00717C00720L.1,0.8045,1650
Kidney,HLA-DRB5,0.8045,1651
Kidney,DET1,0.8044,1652
Kidney,PSCA,0.8044,1653
Kidney,TRAM2-AS1,0.8044,1654
Kidney,RP11-549J18.1,0.8043,1655
Kidney,KCNQ4,0.8043,1656
Kidney,PAX9,0.8042,1657
Kidney,HPX,0.8042,1658
Kidney,MRPL23-AS1,0.8041,1659
Kidney,MRS2,0.804,1660
Kidney,FAM179B,0.8039,1661
Kidney,UBQLNL,0.8038,1662
Kidney,RGMA,0.8038,1663
Kidney,EDRF1-AS1,0.8038,1664
Kidney,PLA2G4C,0.8037,1665
Kidney,SKP1P1,0.8037,1666
Kidney,IL18RAP,0.8033,1667
Kidney,RP11-651P23.4,0.8033,1668
Kidney,FAM175B,0.8033,1669
Kidney,DMXL2,0.8033,1670
Kidney,NSG1,0.8031,1671
Kidney,SPRED3,0.803,1672
Kidney,SSRP1,0.8029,1673
Kidney,MPL,0.8029,1674
Kidney,C2orf76,0.8024,1675
Kidney,UBE2Q2,0.8024,1676
Kidney,IL20RB,0.8023,1677
Kidney,WDYHV1,0.8021,1678
Kidney,ACTC1,0.8021,1679
Kidney,RP11-950C14.10,0.802,1680
Kidney,HEY1,0.802,1681
Kidney,PYGL,0.802,1682
Kidney,SLC16A10,0.8019,1683
Kidney,WDR91,0.8019,1684
Kidney,RP11-333E1.1,0.8016,1685
Kidney,GLS,0.8014,1686
Kidney,KCNK3,0.8014,1687
Kidney,GGT6,0.8014,1688
Kidney,METAP2,0.8014,1689
Kidney,RP5-862P8.2,0.8014,1690
Kidney,HSP90B2P,0.8013,1691
Kidney,NRBP1,0.8012,1692
Kidney,RP11-286H14.8,0.8011,1693
Kidney,CTD-2199O4.6,0.801,1694
Kidney,ZNF266,0.801,1695
Kidney,ABCB4,0.8009,1696
Kidney,LAYN,0.8009,1697
Kidney,SUZ12P1,0.8007,1698
Kidney,RP11-1060J15.9,0.8006,1699
Kidney,RALA,0.8006,1700
Kidney,SPDYE12P,0.8005,1701
Kidney,GLRX3,0.8005,1702
Kidney,AC006378.2,0.8005,1703
Kidney,AP001462.6,0.8004,1704
Kidney,SUPT6H,0.8003,1705
Kidney,MRPL30,0.8003,1706
Kidney,GATA1,0.8003,1707
Kidney,TRANK1,0.8002,1708
Kidney,EXOSC8,0.8002,1709
Kidney,SPSB1,0.7999,1710
Kidney,FABP3,0.7998,1711
Kidney,RP11-193M21.1,0.7997,1712
Kidney,B3GALT5,0.7995,1713
Kidney,HBP1,0.7994,1714
Kidney,RP4-647J21.1,0.7993,1715
Kidney,RP11-73E17.2,0.799,1716
Kidney,LINC00271,0.799,1717
Kidney,RP11-488L18.6,0.7989,1718
Kidney,EXO5,0.7989,1719
Kidney,SNU13,0.7988,1720
Kidney,THAP10,0.7988,1721
Kidney,CMSS1,0.7987,1722
Kidney,RP5-1157M23.2,0.7987,1723
Kidney,ITSN1,0.7987,1724
Kidney,MID2,0.7986,1725
Kidney,ACD,0.7985,1726
Kidney,ST8SIA1,0.7984,1727
Kidney,RP11-9E17.1,0.7984,1728
Kidney,FAM209B,0.7983,1729
Kidney,LINC00623,0.7982,1730
Kidney,RP11-48B14.1,0.7981,1731
Kidney,CYTL1,0.7977,1732
Kidney,RP11-521B24.3,0.7977,1733
Kidney,CACTIN-AS1,0.7977,1734
Kidney,ZNF234,0.7976,1735
Kidney,SCN2B,0.7976,1736
Kidney,CTD-2201I18.1,0.7976,1737
Kidney,RPH3AL,0.7975,1738
Kidney,ZNF786,0.7974,1739
Kidney,RP11-15L13.4,0.7973,1740
Kidney,LMF1,0.7972,1741
Kidney,RPS18P9,0.7972,1742
Kidney,PCAT18,0.797,1743
Kidney,NPY6R,0.797,1744
Kidney,RPL24P4,0.797,1745
Kidney,EBAG9,0.7969,1746
Kidney,RP11-574K11.32,0.7968,1747
Kidney,PMS2,0.7968,1748
Kidney,ZNF346-IT1,0.7967,1749
Kidney,RASA4,0.7967,1750
Kidney,EEF2KMT,0.7966,1751
Kidney,FRAT1,0.7965,1752
Kidney,CD99,0.7964,1753
Kidney,MYZAP,0.7963,1754
Kidney,NPTXR,0.796,1755
Kidney,URI1,0.7959,1756
Kidney,RP11-403F21.4,0.7959,1757
Kidney,PRKAR2A,0.7959,1758
Kidney,RP11-543P15.1,0.7958,1759
Kidney,HFM1,0.7957,1760
Kidney,CTC-510F12.7,0.7957,1761
Kidney,ZNF408,0.7957,1762
Kidney,WFDC21P,0.7956,1763
Kidney,TRIB2,0.7956,1764
Kidney,MGAM2,0.7955,1765
Kidney,CTU1,0.7954,1766
Kidney,KCNMB2,0.7954,1767
Kidney,SCN2A,0.7954,1768
Kidney,NCBP2,0.7953,1769
Kidney,TOE1,0.7953,1770
Kidney,CD160,0.7952,1771
Kidney,MEF2C-AS1,0.795,1772
Kidney,CTD-2020K17.3,0.795,1773
Kidney,LINC00987,0.795,1774
Kidney,RP11-375I20.6,0.795,1775
Kidney,XXbac-BPG283O16.9,0.795,1776
Kidney,TMEM236,0.7949,1777
Kidney,ZNF48,0.7949,1778
Kidney,KCNJ2-AS1,0.7949,1779
Kidney,LL21NC02-1C16.2,0.7948,1780
Kidney,LILRA6,0.7946,1781
Kidney,IQCH,0.7946,1782
Kidney,RP11-212P7.2,0.7946,1783
Kidney,AK8,0.7944,1784
Kidney,TUBD1,0.7942,1785
Kidney,RP11-297N6.4,0.7942,1786
Kidney,WTH3DI,0.7942,1787
Kidney,LINC00599,0.7939,1788
Kidney,DDX28,0.7938,1789
Kidney,CCDC62,0.7936,1790
Kidney,LINC00959,0.7934,1791
Kidney,ADRA2C,0.7934,1792
Kidney,OVOL2,0.7932,1793
Kidney,MIF,0.7932,1794
Kidney,NSFL1C,0.793,1795
Kidney,SLC11A1,0.793,1796
Kidney,MTRNR2L1,0.7927,1797
Kidney,USP2-AS1,0.7927,1798
Kidney,ZNF774,0.7926,1799
Kidney,RP5-994D16.3,0.7924,1800
Kidney,RP11-134G8.7,0.7923,1801
Kidney,RP11-1212A22.1,0.7923,1802
Kidney,KCNT2,0.7922,1803
Kidney,RP11-455F5.6,0.7922,1804
Kidney,RFTN2,0.7921,1805
Kidney,SLC18A2,0.792,1806
Kidney,DACH2,0.7919,1807
Kidney,CALHM2,0.7917,1808
Kidney,RP13-415G19.2,0.7917,1809
Kidney,RP13-1039J1.2,0.7916,1810
Kidney,AP003068.23,0.7915,1811
Kidney,POLM,0.7914,1812
Kidney,PFKFB1,0.7914,1813
Kidney,LINC01237,0.7911,1814
Kidney,KB-1732A1.1,0.7911,1815
Kidney,RP11-578F21.9,0.7911,1816
Kidney,ATP8B3,0.7909,1817
Kidney,RP11-192H23.6,0.7909,1818
Kidney,RYR2,0.7909,1819
Kidney,AC093620.5,0.7908,1820
Kidney,ZNF93,0.7907,1821
Kidney,RAB23,0.7907,1822
Kidney,RP11-455O6.9,0.7904,1823
Kidney,RP11-171I2.3,0.7902,1824
Kidney,SFT2D2,0.7901,1825
Kidney,RP11-647O20.1,0.79,1826
Kidney,C1QTNF1,0.7899,1827
Kidney,LL21NC02-21A1.1,0.7899,1828
Kidney,PDE4D,0.7898,1829
Kidney,NOV,0.7898,1830
Kidney,RP11-334C17.3,0.7897,1831
Kidney,NTPCR,0.7897,1832
Kidney,ZNF883,0.7895,1833
Kidney,SCN5A,0.7895,1834
Kidney,SNORA59A,0.7895,1835
Kidney,RP11-315I20.1,0.7894,1836
Kidney,RP11-321F8.4,0.7894,1837
Kidney,AP006621.9,0.7893,1838
Kidney,CTD-3131K8.2,0.7893,1839
Kidney,DYNC2LI1,0.789,1840
Kidney,CUL2,0.789,1841
Kidney,PGBD2,0.789,1842
Kidney,RPL10P9,0.7888,1843
Kidney,TAS2R6P,0.7888,1844
Kidney,GABRP,0.7887,1845
Kidney,KLRG2,0.7886,1846
Kidney,RP11-515O17.2,0.7886,1847
Kidney,FUT2,0.7885,1848
Kidney,RPL23P2,0.7884,1849
Kidney,SDHAF4,0.7884,1850
Kidney,RP11-585P4.5,0.7882,1851
Kidney,RP11-143K11.7,0.7881,1852
Kidney,PACRG-AS1,0.7881,1853
Kidney,HIST1H4I,0.7878,1854
Kidney,RP11-223A3.1,0.7877,1855
Kidney,ZNF30-AS1,0.7876,1856
Kidney,RP4-569M23.2,0.7876,1857
Kidney,RSPH4A,0.7875,1858
Kidney,PCDHA2,0.7875,1859
Kidney,PPP1CC,0.7873,1860
Kidney,ALDH9A1,0.7872,1861
Kidney,RP11-715J22.3,0.787,1862
Kidney,SMKR1,0.7869,1863
Kidney,RP11-884K10.6,0.7868,1864
Kidney,SYNDIG1L,0.7865,1865
Kidney,RP11-110I1.14,0.7862,1866
Kidney,AP4S1,0.7859,1867
Kidney,TRPC2,0.7855,1868
Kidney,RP1-278C19.8,0.7854,1869
Kidney,RP11-499O7.7,0.7854,1870
Kidney,TCFL5,0.7851,1871
Kidney,TRAIP,0.7849,1872
Kidney,CTD-2135D7.5,0.7849,1873
Kidney,CA3-AS1,0.7848,1874
Kidney,ST3GAL6-AS1,0.7847,1875
Kidney,RP4-777O23.1,0.7846,1876
Kidney,RP11-632P5.1,0.7844,1877
Kidney,PDE4C,0.7843,1878
Kidney,TXLNG,0.7841,1879
Kidney,MUC3A,0.784,1880
Kidney,RP11-122G18.7,0.7837,1881
Kidney,TRDMT1,0.7834,1882
Kidney,CTC-490E21.11,0.7833,1883
Kidney,FAM65C,0.783,1884
Kidney,PLCL2,0.7829,1885
Kidney,STAC3,0.7828,1886
Kidney,SNORD87,0.7826,1887
Kidney,ZNF382,0.7826,1888
Kidney,PPHLN1,0.7825,1889
Kidney,LINC01186,0.7823,1890
Kidney,NAGA,0.7823,1891
Kidney,CDC37L1-AS1,0.7822,1892
Kidney,PIGP,0.7821,1893
Kidney,STARD13-AS,0.7816,1894
Kidney,BDH1,0.7815,1895
Kidney,PRSS45,0.7815,1896
Kidney,RP11-110I1.5,0.7814,1897
Kidney,EFCAB8,0.7812,1898
Kidney,GS1-124K5.4,0.7811,1899
Kidney,AP001625.6,0.7811,1900
Kidney,AC003104.1,0.7811,1901
Kidney,CBWD2,0.7809,1902
Kidney,ICMT,0.7807,1903
Kidney,F8A1,0.7805,1904
Kidney,FN3K,0.7804,1905
Kidney,EFNB3,0.7804,1906
Kidney,PKIG,0.7798,1907
Kidney,MIR223,0.7797,1908
Kidney,PTPN12,0.7797,1909
Kidney,P3H2,0.7795,1910
Kidney,AC004870.5,0.7794,1911
Kidney,RP11-11N9.4,0.7792,1912
Kidney,TPTEP1,0.7792,1913
Kidney,RPL26P19,0.779,1914
Kidney,NVL,0.7788,1915
Kidney,RBM18,0.7786,1916
Kidney,CPNE9,0.7785,1917
Kidney,MFSD2B,0.7782,1918
Kidney,MAST1,0.778,1919
Kidney,OVCH1,0.778,1920
Kidney,RP11-640N20.4,0.7777,1921
Kidney,HMGA2,0.7776,1922
Kidney,C17orf96,0.7773,1923
Kidney,RP11-266L9.5,0.7769,1924
Kidney,PPM1N,0.7768,1925
Kidney,ZNF33BP1,0.7765,1926
Kidney,AF230666.2,0.7765,1927
Kidney,RP11-231C14.4,0.776,1928
Kidney,EIF2S3L,0.7757,1929
Kidney,ESF1,0.7755,1930
Kidney,AGAP1-IT1,0.7753,1931
Kidney,ZNF232,0.7749,1932
Kidney,PNMA2,0.7744,1933
Kidney,KIF18A,0.7743,1934
Kidney,PHYH,0.7743,1935
Kidney,RAB34,0.774,1936
Kidney,RPS20P33,0.7735,1937
Kidney,RPL10P15,0.7733,1938
Kidney,OTUD7A,0.7733,1939
Kidney,CTD-2515A14.1,0.7733,1940
Kidney,RP11-806L2.2,0.7732,1941
Kidney,PCDHB18P,0.773,1942
Kidney,APOA1,0.773,1943
Kidney,FAM210B,0.7718,1944
Kidney,GBP3,0.7714,1945
Kidney,FXN,0.7713,1946
Kidney,RP11-307C18.1,0.7712,1947
Kidney,RP11-562A8.4,0.7709,1948
Kidney,TPTE2P5,0.7708,1949
Kidney,RP4-680D5.2,0.7706,1950
Kidney,TPH1,0.7705,1951
Kidney,MRAS,0.7704,1952
Kidney,ZG16B,0.7701,1953
Kidney,AC000123.4,0.77,1954
Kidney,RP11-875O11.1,0.7695,1955
Kidney,TMEM240,0.7693,1956
Kidney,PTGDR,0.7692,1957
Kidney,RP11-104N10.2,0.7692,1958
Kidney,GCFC2,0.7687,1959
Kidney,TRIM9,0.7686,1960
Kidney,PALM2,0.7684,1961
Kidney,ABC13-47488600E17.1,0.7677,1962
Kidney,RP1-244F24.1,0.7672,1963
Kidney,UHRF1BP1,0.7671,1964
Kidney,RP11-460I13.6,0.7662,1965
Kidney,NUTM2D,0.7659,1966
Kidney,CTBP1-AS2,0.7659,1967
Kidney,MMRN1,0.7656,1968
Kidney,STK24,0.7656,1969
Kidney,SNORA1,0.7653,1970
Kidney,AK3P3,0.7652,1971
Kidney,CLEC4F,0.7646,1972
Kidney,NPIPB5,0.7645,1973
Kidney,FTH1P23,0.7639,1974
Kidney,TCEB3-AS1,0.7635,1975
Kidney,SMLR1,0.762,1976
Kidney,SAA2,0.7615,1977
Kidney,ARHGAP11A,0.761,1978
Kidney,RP11-569A11.1,0.7608,1979
Kidney,ERICH2,0.7605,1980
Kidney,RP11-141C7.3,0.7601,1981
Kidney,SLC25A51,0.7596,1982
Kidney,RP11-54O7.1,0.7589,1983
Kidney,RP11-649A18.3,0.7587,1984
Kidney,RP11-126K1.2,0.7586,1985
Kidney,LINC00342,0.7585,1986
Kidney,EDARADD,0.7581,1987
Kidney,ANKEF1,0.7569,1988
Kidney,CTD-2095E4.4,0.7565,1989
Kidney,RP4-751H13.5,0.7564,1990
Kidney,RP11-1260E13.2,0.7551,1991
Kidney,RP11-632C17__A.1,0.7531,1992
Kidney,PLBD1-AS1,0.7528,1993
Kidney,APOC3,0.7519,1994
Kidney,PRSS30P,0.7494,1995
Kidney,RP11-844P9.6,0.7457,1996
Kidney,RP11-248J18.2,0.7396,1997
Kidney,EVPLL,0.7284,1998
Kidney,RP13-582O9.7,0.7208,1999
Kidney,WASH3P,0.713,2000
